id,first_name,last_name,email,gender,ip_address,Product
1,Foster,Hovell,fhovell0@economist.com,Male,114.87.239.191,Wine - Mondavi Coastal Private
2,Saw,Penfold,spenfold1@usda.gov,Male,80.179.151.4,Icecream - Dibs
3,Lacy,Pollendine,lpollendine2@unc.edu,Female,153.224.135.215,Wine - Pinot Noir Mondavi Coastal
4,Zeke,Kleinzweig,zkleinzweig3@vk.com,Male,85.111.198.225,Wine - Black Tower Qr
5,Rogerio,Haithwaite,rhaithwaite4@smh.com.au,Male,135.27.19.42,Chef Hat 20cm
6,Mandel,Morford,mmorford5@w3.org,Male,72.154.17.14,Flower - Commercial Spider
7,Carolus,Sueter,csueter6@tmall.com,Male,112.13.50.163,Wine - Sicilia Igt Nero Avola
8,Madlin,Stoyell,mstoyell7@vimeo.com,Genderqueer,87.164.13.96,"Rum - White, Gg White"
9,Chance,Granham,cgranham8@hao123.com,Male,226.22.56.193,Puree - Mango
10,Ginnie,Hindhaugh,ghindhaugh9@wufoo.com,Genderqueer,114.129.110.219,"Wine - White, Mosel Gold"
11,Kathye,McPartling,kmcpartlinga@elpais.com,Bigender,166.78.251.57,Sugar - Crumb
12,Nancey,Hodgen,nhodgenb@howstuffworks.com,Polygender,120.5.107.207,Trout Rainbow Whole
13,Cornell,Crinson,ccrinsonc@ucoz.com,Male,121.132.76.59,Russian Prince
14,Kally,Rosenthal,krosenthald@hud.gov,Bigender,147.173.58.246,"Soup - Campbells, Butternut"
15,Albina,Baselio,abaselioe@moonfruit.com,Agender,149.1.244.167,Cumin - Whole
16,Moshe,Mahon,mmahonf@eventbrite.com,Male,107.73.70.112,Ocean Spray - Kiwi Strawberry
17,Ginger,Trench,gtrenchg@ucsd.edu,Male,253.142.127.51,Juice - Orangina
18,Mildred,Cruddace,mcruddaceh@ow.ly,Female,157.80.22.230,Sauce - Plum
19,Colman,Rylance,crylancei@wufoo.com,Male,137.247.46.47,Shrimp - Prawn
20,Frank,Castanone,fcastanonej@latimes.com,Male,149.205.19.158,Broom Handle
21,Opal,Heffernan,oheffernank@mediafire.com,Female,99.137.53.111,Knife Plastic - White
22,Dulcine,Laybourne,dlaybournel@netvibes.com,Female,55.241.29.198,Cheese - Le Cheve Noir
23,Helenka,Tolossi,htolossim@cpanel.net,Agender,255.112.124.87,"Rum - Dark, Bacardi, Black"
24,Tory,Stoite,tstoiten@alibaba.com,Female,158.130.193.6,Island Oasis - Magarita Mix
25,Yance,Maplestone,ymaplestoneo@google.co.uk,Male,76.210.87.231,Salad Dressing
26,Auguste,Clubbe,aclubbep@furl.net,Female,249.54.66.251,Cheese Cloth No 60
27,Hilliard,Elsegood,helsegoodq@comcast.net,Male,230.145.97.216,Cake - Dulce De Leche
28,Ellerey,Joblin,ejoblinr@desdev.cn,Male,200.198.168.98,Wine - Chianti Classico Riserva
29,Rori,Krahl,rkrahls@google.ru,Female,216.36.149.90,Radish - Pickled
30,Nicholle,Talman,ntalmant@google.co.uk,Female,36.6.25.42,Flour - Pastry
31,Gaston,Paraman,gparamanu@merriam-webster.com,Male,7.99.183.6,Dc - Sakura Fu
32,Dar,Dobrovolny,ddobrovolnyv@reference.com,Male,117.252.120.76,Lemon Pepper
33,Erich,Moles,emolesw@fastcompany.com,Male,69.60.230.197,"Lamb - Leg, Diced"
34,Brady,Rumin,bruminx@networksolutions.com,Male,94.14.148.73,Cherries - Frozen
35,Rodney,Loch,rlochy@photobucket.com,Male,183.94.147.115,Mints - Striped Red
36,Jeannie,Dowding,jdowdingz@creativecommons.org,Female,4.150.123.242,Turkey Leg With Drum And Thigh
37,Ardenia,Gerriet,agerriet10@mashable.com,Female,191.47.131.206,Puree - Strawberry
38,Sande,Rapsey,srapsey11@answers.com,Female,41.184.73.45,Apricots - Halves
39,Gabby,Quennell,gquennell12@europa.eu,Male,92.216.249.233,Cranberries - Fresh
40,Veriee,Roffey,vroffey13@mysql.com,Female,86.129.255.142,Stainless Steel Cleaner Vision
41,Esra,Dignall,edignall14@bravesites.com,Male,10.43.188.153,"Lid - Translucent, 3.5 And 6 Oz"
42,Lexine,Petrak,lpetrak15@irs.gov,Female,59.29.5.74,"Beef - Baby, Liver"
43,Bebe,Kupke,bkupke16@123-reg.co.uk,Agender,30.156.192.255,"Wine - White, Riesling, Semi - Dry"
44,Wainwright,Oppie,woppie17@google.es,Male,198.169.122.158,Browning Caramel Glace
45,Elston,Dregan,edregan18@icio.us,Male,63.254.135.211,Wine - Jafflin Bourgongone
46,Jobye,Odlin,jodlin19@vinaora.com,Female,107.148.206.129,Pepper - Pablano
47,Hubert,Pottle,hpottle1a@phpbb.com,Male,42.214.77.165,Muffin Mix - Carrot
48,Jaclyn,Huggard,jhuggard1b@oracle.com,Female,52.63.77.211,Energy Drink
49,Grace,Megany,gmegany1c@nsw.gov.au,Female,187.48.192.114,Tea - Green
50,Marline,Hymers,mhymers1d@webmd.com,Female,5.117.159.81,Compound - Mocha
51,Britt,Tippett,btippett1e@sbwire.com,Female,196.74.163.35,"Lemonade - Island Tea, 591 Ml"
52,Etienne,Gemeau,egemeau1f@amazon.co.uk,Male,24.230.8.223,Beer - Corona
53,Ania,Crohan,acrohan1g@clickbank.net,Female,178.204.28.182,"Fish - Scallops, Cold Smoked"
54,Fannie,Brereton,fbrereton1h@digg.com,Female,32.71.173.15,Melon - Watermelon Yellow
55,Pauli,Spain-Gower,pspaingower1i@aboutads.info,Female,155.58.105.50,Fennel
56,Mirabelle,Klemz,mklemz1j@ifeng.com,Female,43.81.94.42,Extract - Almond
57,Kipp,Farfalameev,kfarfalameev1k@shareasale.com,Male,48.249.217.24,Pear - Prickly
58,Derek,Edgington,dedgington1l@theguardian.com,Male,199.164.209.164,"Bread - Crumbs, Bulk"
59,Yves,Abarough,yabarough1m@symantec.com,Male,48.111.232.72,Pastry - Baked Scones - Mini
60,Bibbie,Galliver,bgalliver1n@foxnews.com,Female,153.119.242.178,"Pesto - Primerba, Paste"
61,Pippo,Croley,pcroley1o@businesswire.com,Male,174.230.241.82,Roe - Flying Fish
62,Sashenka,Dayce,sdayce1p@merriam-webster.com,Female,199.190.244.140,Wine - Trimbach Pinot Blanc
63,Nonnah,Mc Comb,nmccomb1q@samsung.com,Bigender,87.10.204.134,Cheese - Parmigiano Reggiano
64,Christyna,Parell,cparell1r@cornell.edu,Female,241.170.2.26,"Pasta - Cappellini, Dry"
65,Corrie,McGreary,cmcgreary1s@thetimes.co.uk,Female,193.174.18.23,Mikes Hard Lemonade
66,Raymund,Ollivier,rollivier1t@sciencedirect.com,Male,251.45.164.62,Salt And Pepper Mix - White
67,Haily,Leeman,hleeman1u@blogtalkradio.com,Female,130.163.112.255,Pastry - Plain Baked Croissant
68,Hagen,Deguara,hdeguara1v@nbcnews.com,Male,41.252.87.91,Coffee - Flavoured
69,Devy,Dumpleton,ddumpleton1w@cbsnews.com,Genderfluid,139.193.238.111,Strawberries
70,Merill,Flores,mflores1x@amazon.co.jp,Male,193.73.128.20,"Tart Shells - Barquettes, Savory"
71,Marsh,Angove,mangove1y@ebay.co.uk,Male,186.87.235.157,Lettuce - Spring Mix
72,Helen-elizabeth,Littlekit,hlittlekit1z@ebay.com,Female,67.11.142.214,"Coke - Classic, 355 Ml"
73,Nikolas,McCarrell,nmccarrell20@about.me,Genderqueer,40.5.199.186,Table Cloth 54x54 Colour
74,Jules,Pointer,jpointer21@hexun.com,Male,31.133.9.74,Soup - Campbells Mushroom
75,Alexandra,Guillem,aguillem22@histats.com,Female,70.60.154.64,Tart - Butter Plain Squares
76,Fee,Castles,fcastles23@bloglovin.com,Male,200.16.59.14,"Pasta - Fettuccine, Egg, Fresh"
77,Donica,Persitt,dpersitt24@oakley.com,Female,69.117.221.193,Flour - Fast / Rapid
78,Gladys,Turner,gturner25@hatena.ne.jp,Female,137.149.234.59,Plasticknivesblack
79,Fowler,Cairns,fcairns26@tripadvisor.com,Male,186.103.210.162,Monkfish Fresh - Skin Off
80,Bethena,Riddler,briddler27@sogou.com,Female,21.73.57.205,Soup Campbells Turkey Veg.
81,Regen,Dellow,rdellow28@springer.com,Genderfluid,193.83.82.125,Island Oasis - Peach Daiquiri
82,Barbee,Blais,bblais29@storify.com,Female,90.188.203.4,Wonton Wrappers
83,Barr,Farlamb,bfarlamb2a@nationalgeographic.com,Male,62.230.99.87,Wine - Merlot Vina Carmen
84,Lethia,Coldicott,lcoldicott2b@sciencedirect.com,Female,93.113.165.4,Muffin Mix - Oatmeal
85,Agnola,Butchard,abutchard2c@usatoday.com,Agender,73.43.73.73,Bay Leaf Fresh
86,Philippine,Pointer,ppointer2d@dmoz.org,Female,61.138.142.143,Nantucket Pine Orangebanana
87,Cary,Yukhnin,cyukhnin2e@jigsy.com,Female,112.196.130.87,"Juice - Tomato, 48 Oz"
88,Augie,Pentecost,apentecost2f@tuttocitta.it,Male,203.93.39.207,Veal - Sweetbread
89,Suki,Buddleigh,sbuddleigh2g@statcounter.com,Female,135.137.78.70,Sauerkraut
90,Ara,Gatehouse,agatehouse2h@seattletimes.com,Male,8.161.37.38,Wine - Cotes Du Rhone
91,Derby,Skelton,dskelton2i@technorati.com,Genderfluid,111.17.189.58,Sugar Thermometer
92,Brade,Lowes,blowes2j@prnewswire.com,Male,140.83.33.76,Arrowroot
93,Lawton,Faulkes,lfaulkes2k@walmart.com,Male,162.155.105.194,"Seedlings - Buckwheat, Organic"
94,Abby,Roxbrough,aroxbrough2l@disqus.com,Non-binary,180.63.159.228,Wine - Valpolicella Masi
95,Milly,Latore,mlatore2m@creativecommons.org,Female,66.181.75.42,Milkettes - 2%
96,Jemmie,Jedras,jjedras2n@goo.gl,Female,87.18.217.196,"Pork - Tenderloin, Frozen"
97,Laurice,Arnauduc,larnauduc2o@storify.com,Female,84.24.102.186,Pheasants - Whole
98,Cull,Cornils,ccornils2p@flickr.com,Male,162.180.207.85,Lamb Tenderloin Nz Fr
99,Bondy,Dumbrill,bdumbrill2q@ebay.co.uk,Male,143.213.130.68,"Beef - Rib Roast, Capless"
100,Josy,Barraclough,jbarraclough2r@google.pl,Female,36.121.205.29,Stock - Fish
